<?xml version="1.0" encoding="utf-8"?>
<prefix name="spdownload" label="Simple Downloads" language_tag="en" language_label="English"><key name="admin_index_page_heading"><value>Add Category</value></key><key name="admin_index_page_title"><value>Admin Simple Download</value></key><key name="ad_label_category"><value>Name</value></key><key name="ad_parent_category"><value>Parents</value></key><key name="form_add_category_submit"><value>Add</value></key><key name="index_page_heading"><value>Simple Download</value></key><key name="index_page_title"><value>Simple Download</value></key><key name="label_category"><value>Category</value></key><key name="most_download"><value>Most Download</value></key><key name="new_upload"><value>New Upload</value></key></prefix>
