<?xml version="1.0" encoding="utf-8"?>
<prefix name="spdownload" label="Simple Downloads" language_tag="en" language_label="English"><key name="Add-category"><value>Add category</value></key><key name="admin_index_page_heading"><value>Add Category</value></key><key name="admin_index_page_title"><value>Admin Simple Download</value></key><key name="ad_label_category"><value>Name</value></key><key name="ad_parent_category"><value>Parents</value></key><key name="caregory-list"><value>Create category</value></key><key name="category-action"><value>Action</value></key><key name="CATEGORY-LIST"><value>Create category</value></key><key name="category-name"><value>Name</value></key><key name="category-parent"><value>Parent</value></key><key name="cate_1"><value>ABC</value></key><key name="content_license"><value>Content</value></key><key name="description"><value>Description</value></key><key name="Download_File"><value>Download</value></key><key name="file-action"><value>Action</value></key><key name="file-categories"><value>File Categories</value></key><key name="file-description"><value>Description</value></key><key name="file-name"><value>Name</value></key><key name="file-updated"><value>Updated</value></key><key name="form_add_category_submit"><value>Add</value></key><key name="form_label_description_up"><value>Description</value></key><key name="form_label_download"><value>Download!</value></key><key name="form_label_file_up"><value>File</value></key><key name="form_label_icon_up"><value>Icon</value></key><key name="form_label_name_up"><value>Name</value></key><key name="form_label_slug_up"><value>Friendly</value></key><key name="form_label_submit_up"><value>Upload</value></key><key name="form_label_thumb_up"><value>Thumb</value></key><key name="index_category_heading"><value>Category List</value></key><key name="index_page_heading"><value>Simple Download</value></key><key name="index_page_title"><value>Simple Download</value></key><key name="index_upload_heading"><value>Upload</value></key><key name="item_user"><value>Items</value></key><key name="label_category"><value>Category</value></key><key name="label_content_license"><value>Argee</value></key><key name="label_file_download"><value>Downloads</value></key><key name="label_file_name"><value>File name</value></key><key name="label_file_size"><value>File size</value></key><key name="label_file_type"><value>File Type</value></key><key name="label_license"><value>License</value></key><key name="main_menu_item"><value>Downloads</value></key><key name="most_download"><value>Most Download</value></key><key name="new_upload"><value>New Upload</value></key><key name="oldversion"><value>Old Versions</value></key><key name="spdownload+category_index_page_heading"><value>Category !!!</value></key><key name="thumb"><value>Thumb</value></key><key name="title_license"><value>Title</value></key><key name="uploadmy"><value>My Upload</value></key><key name="uploadnew"><value>New Upload</value></key></prefix>
